sample_id,target
ID1001187975__Dry_Clover_g,2.762229333333333
ID1001187975__Dry_Dead_g,21.242590000000007
ID1001187975__Dry_Green_g,22.218860999999965
ID1001187975__Dry_Total_g,46.223676000000054
ID1001187975__GDM_g,24.981086999999977
