sample_id,target
test/ID1001187975.jpg_Dry_Clover_g,2.7622293333333325
test/ID1001187975.jpg_Dry_Dead_g,21.24259000000001
test/ID1001187975.jpg_Dry_Green_g,22.21886099999997
test/ID1001187975.jpg_Dry_Total_g,46.223676000000054
test/ID1001187975.jpg_GDM_g,24.981086999999977
