sample_id,target
ID1001187975__Dry_Clover_g,1.2935663333333338
ID1001187975__Dry_Dead_g,23.330726000000006
ID1001187975__Dry_Green_g,26.262986333333313
ID1001187975__Dry_Total_g,44.83442500000002
ID1001187975__GDM_g,22.772578333333303
