sample_id,target
test/ID1001187975.jpg_Dry_Clover_g,0.0
test/ID1001187975.jpg_Dry_Dead_g,30.40470657348633
test/ID1001187975.jpg_Dry_Green_g,50.79745101928711
test/ID1001187975.jpg_Dry_Total_g,80.75663299560547
test/ID1001187975.jpg_GDM_g,50.34717025756836
