sample_id,target
ID1001187975__Dry_Clover_g,3.070236666666666
ID1001187975__Dry_Dead_g,20.320744000000033
ID1001187975__Dry_Green_g,24.223592333333343
ID1001187975__Dry_Total_g,47.61457300000002
ID1001187975__GDM_g,27.29382866666663
